{"cameraMode":{"drawMode":0,"name":"Shaded","section":"Shading Mode"},"sceneLighting":false,"audioPlay":false,"sceneViewState":{"showFog":false,"showMaterialUpdate":false,"showSkybox":false,"showFlares":false,"showImageEffects":false,"showParticleSystems":false},"in2DMode":false,"pivot":{"x":-8.289999961853028,"y":1.9200000762939454,"z":-10.720300674438477},"rotation":{"x":0.11829567700624466,"y":-0.2632828652858734,"z":0.03254745900630951,"w":0.9568926095962524},"size":4.301792144775391,"orthographic":false}