{"cameraMode":{"drawMode":0,"name":"Shaded","section":"Shading Mode"},"sceneLighting":false,"audioPlay":false,"sceneViewState":{"showFog":false,"showMaterialUpdate":false,"showSkybox":false,"showFlares":false,"showImageEffects":false,"showParticleSystems":false},"in2DMode":false,"pivot":{"x":-0.34870675206184389,"y":1.6207053661346436,"z":-9.660026550292969},"rotation":{"x":-0.3561532199382782,"y":0.5079805850982666,"z":-0.24259528517723084,"w":-0.7458799481391907},"size":6.41815710067749,"orthographic":false}