{"cameraMode":{"drawMode":0,"name":"Shaded","section":"Shading Mode"},"sceneLighting":false,"audioPlay":false,"sceneViewState":{"showFog":false,"showMaterialUpdate":false,"showSkybox":false,"showFlares":false,"showImageEffects":false,"showParticleSystems":false},"in2DMode":false,"pivot":{"x":0.3199999928474426,"y":1.4125068187713624,"z":0.1490001678466797},"rotation":{"x":-0.1870751529932022,"y":0.1519872397184372,"z":-0.029329318553209306,"w":-0.9701272249221802},"size":2.986800193786621,"orthographic":false}