{"cameraMode":{"drawMode":0,"name":"Shaded","section":"Shading Mode"},"sceneLighting":false,"audioPlay":false,"sceneViewState":{"showFog":false,"showMaterialUpdate":false,"showSkybox":false,"showFlares":false,"showImageEffects":false,"showParticleSystems":false},"in2DMode":false,"pivot":{"x":3.471799850463867,"y":1.2974624633789063,"z":-8.432777404785157},"rotation":{"x":-0.23623737692832948,"y":-0.013703691773116589,"z":0.003281545592471957,"w":-0.97165447473526},"size":3.758249282836914,"orthographic":false}