{"cameraMode":{"drawMode":0,"name":"Shaded","section":"Shading Mode"},"sceneLighting":false,"audioPlay":false,"sceneViewState":{"showFog":false,"showMaterialUpdate":false,"showSkybox":false,"showFlares":false,"showImageEffects":false,"showParticleSystems":false},"in2DMode":false,"pivot":{"x":9.263920783996582,"y":1.296090006828308,"z":-8.584221839904786},"rotation":{"x":-0.1870751529932022,"y":0.1519872397184372,"z":-0.029329318553209306,"w":-0.9701272249221802},"size":2.2257802486419679,"orthographic":false}