{"cameraMode":{"drawMode":0,"name":"Shaded","section":"Shading Mode"},"sceneLighting":false,"audioPlay":false,"sceneViewState":{"showFog":false,"showMaterialUpdate":false,"showSkybox":false,"showFlares":false,"showImageEffects":false,"showParticleSystems":false},"in2DMode":false,"pivot":{"x":7.019927501678467,"y":1.6170730590820313,"z":-8.290207862854004},"rotation":{"x":-0.18934370577335359,"y":-0.013845383189618588,"z":0.002620147308334708,"w":-0.9818705320358276},"size":3.0584287643432619,"orthographic":false}