{"cameraMode":{"drawMode":0,"name":"Shaded","section":"Shading Mode"},"sceneLighting":false,"audioPlay":false,"sceneViewState":{"showFog":false,"showMaterialUpdate":false,"showSkybox":false,"showFlares":false,"showImageEffects":false,"showParticleSystems":false},"in2DMode":false,"pivot":{"x":3.4330949783325197,"y":1.4597837924957276,"z":-8.585244178771973},"rotation":{"x":-0.1870751529932022,"y":0.1519872397184372,"z":-0.029329318553209306,"w":-0.9701272249221802},"size":4.779537200927734,"orthographic":false}